{
"dict":{},

"dict1": {
  "##time": [
        4.61518, 
        4.634339, 
        4.616645, 
        4.605806
  ]
 },


 "cov_factor":0.25
}
